{
  "mainnet": 79624.859908,
  "arbitrum": 7876.161173,
  "base": 5269.334967,
  "optimism": 2519.601386,
  "polygon": 1822.578077,
  "mantle": 1675.669038,
  "unichain": 1039.786181,
  "linea": 817.645606
}