{
  "mainnet": 78784.540237,
  "arbitrum": 7859.444669,
  "base": 5563.761348,
  "optimism": 2414.646796,
  "polygon": 1893.682661,
  "mantle": 1619.293777,
  "unichain": 994.321294,
  "linea": 717.126124,
  "avalanche": 0,
  "fuji": 0,
  "ronin": 0,
  "scroll": 0,
  "sepolia": 0
}