{
  "mainnet": 79021.104038,
  "arbitrum": 7909.719827,
  "base": 5597.94537,
  "optimism": 2428.078394,
  "mantle": 1626.035977,
  "polygon": 1232.6402,
  "unichain": 1013.391849,
  "linea": 727.614732,
  "avalanche": 0,
  "fuji": 0,
  "ronin": 0,
  "scroll": 0,
  "sepolia": 0
}