{
  "mainnet": 79727.528926,
  "arbitrum": 7910.844761,
  "base": 5298.970701,
  "optimism": 2532.262988,
  "polygon": 1822.577328,
  "mantle": 1682.232186,
  "unichain": 1057.623236,
  "linea": 815.757463
}