{
  "mainnet": 79562.590385,
  "arbitrum": 7977.214281,
  "base": 5504.576303,
  "optimism": 2512.097013,
  "polygon": 1822.578628,
  "mantle": 1666.936258,
  "unichain": 1036.002694,
  "linea": 799.092439
}