{
  "mainnet": 79163.521323,
  "arbitrum": 7567.668424,
  "base": 5419.007993,
  "optimism": 2434.235775,
  "polygon": 1763.011248,
  "mantle": 1641.948353,
  "linea": 751.393242,
  "unichain": 18.36155,
  "avalanche": 0,
  "fuji": 0,
  "ronin": 0,
  "scroll": 0,
  "sepolia": 0
}