{
  "mainnet": 79576.585729,
  "arbitrum": 7982.914235,
  "base": 5507.182972,
  "optimism": 2513.761393,
  "polygon": 1822.578628,
  "mantle": 1667.655154,
  "unichain": 1037.97971,
  "linea": 800.620405
}